timestamp,multiplier,source
,1.20,seed
,1.18,seed
,2.53,seed
,3.30,seed
,2.50,seed
,1.88,seed
,2.40,seed
,2.72,seed
,1.28,seed
,1.34,seed
,5.93,seed
,2.89,seed
,1.61,seed
,1.14,seed
,2.74,seed
,1.79,seed
,1.37,seed
,13.92,seed
,2.50,seed
,2.49,seed
,1.25,seed
,1.06,seed
,2.24,seed
,8.10,seed
,1.06,seed
,2.34,seed
,1.86,seed
,1.30,seed
,1.28,seed
,3.73,seed
,1.44,seed
,1.23,seed
,1.96,seed
,1.10,seed
,1.91,seed
,1.05,seed
,1.61,seed
,3.00,seed
,1.16,seed
,37.02,seed
,1.21,seed
,10.42,seed
,2.74,seed
,1.31,seed
,1.00,seed
,1.83,seed
,2.37,seed
,9.32,seed
,2.34,seed
,79.88,seed
,1.04,seed
,1.16,seed
,2.27,seed
,3.87,seed
,1.57,seed
,2.45,seed
,83.73,seed
,2.41,seed
,1.06,seed
,12.85,seed
