seq,segment,estimated_time,multiplier
1,1,2026-10-06 13:14:30,5.21
2,1,2026-10-06 13:14:52,1.92
3,1,2026-10-06 13:15:14,12.97
4,1,2026-10-06 13:15:36,25.53
5,1,2026-10-06 13:15:58,1.65
6,1,2026-10-06 13:16:20,3.70
7,1,2026-10-06 13:16:42,1.22
8,1,2026-10-06 13:17:04,1.74
9,1,2026-10-06 13:17:26,154.36
10,1,2026-10-06 13:17:48,2.35
11,1,2026-10-06 13:18:10,45.89
12,1,2026-10-06 13:18:32,1.00
13,1,2026-10-06 13:18:54,1.26
14,1,2026-10-06 13:19:16,1.15
15,1,2026-10-06 13:19:38,1.16
16,1,2026-10-06 13:20:00,1.68
17,1,2026-10-06 13:20:22,2.52
18,1,2026-10-06 13:20:44,1.24
19,1,2026-10-06 13:21:06,2.30
20,1,2026-10-06 13:21:28,2.24
21,1,2026-10-06 13:21:50,1.09
22,1,2026-10-06 13:22:12,3.30
23,1,2026-10-06 13:22:34,7.11
24,1,2026-10-06 13:22:56,2.91
25,1,2026-10-06 13:23:18,1.39
26,1,2026-10-06 13:23:40,1.26
27,1,2026-10-06 13:24:02,8.09
28,1,2026-10-06 13:24:24,1.53
29,1,2026-10-06 13:24:46,1.52
30,1,2026-10-06 13:25:08,1.82
31,1,2026-10-06 13:25:30,7.77
32,1,2026-10-06 13:25:52,6.00
33,1,2026-10-06 13:26:14,1.22
34,1,2026-10-06 13:26:36,4.77
35,1,2026-10-06 13:26:58,1.00
36,1,2026-10-06 13:27:20,68.38
37,1,2026-10-06 13:27:42,3.95
38,1,2026-10-06 13:28:04,1.05
39,1,2026-10-06 13:28:26,1.42
40,1,2026-10-06 13:28:48,1.00
41,1,2026-10-06 13:29:10,1.11
42,1,2026-10-06 13:29:32,6.57
43,1,2026-10-06 13:29:54,1.12
44,1,2026-10-06 13:30:16,1.37
45,1,2026-10-06 13:30:38,4.81
46,1,2026-10-06 13:31:00,5.52
47,1,2026-10-06 13:31:22,2.03
48,1,2026-10-06 13:31:44,112.62
49,1,2026-10-06 13:32:06,3.19
50,1,2026-10-06 13:32:28,2.18
51,1,2026-10-06 13:32:50,2.29
52,1,2026-10-06 13:33:12,4.71
53,1,2026-10-06 13:33:34,7.43
54,1,2026-10-06 13:33:56,1.05
55,1,2026-10-06 13:34:18,1.78
56,1,2026-10-06 13:34:40,1.12
57,1,2026-10-06 13:35:02,3.17
58,1,2026-10-06 13:35:24,1.41
59,1,2026-10-06 13:35:46,1.24
60,1,2026-10-06 13:36:08,1.81
61,2,2026-10-06 13:34:30,2.29
62,2,2026-10-06 13:34:52,1.08
63,2,2026-10-06 13:35:14,2.59
64,2,2026-10-06 13:35:36,3.51
65,2,2026-10-06 13:35:58,1.84
66,2,2026-10-06 13:36:20,1.77
67,2,2026-10-06 13:36:42,1.30
68,2,2026-10-06 13:37:04,5.42
69,2,2026-10-06 13:37:26,1.24
70,2,2026-10-06 13:37:48,3.34
71,2,2026-10-06 13:38:10,1.75
72,2,2026-10-06 13:38:32,1.90
73,2,2026-10-06 13:38:54,1.65
74,2,2026-10-06 13:39:16,1.34
75,2,2026-10-06 13:39:38,1.24
76,2,2026-10-06 13:40:00,2.41
77,2,2026-10-06 13:40:22,1.53
78,2,2026-10-06 13:40:44,1.60
79,2,2026-10-06 13:41:06,1.96
80,2,2026-10-06 13:41:28,1.81
81,2,2026-10-06 13:41:50,2.06
82,2,2026-10-06 13:42:12,3.21
83,2,2026-10-06 13:42:34,2.02
84,2,2026-10-06 13:42:56,5.49
85,2,2026-10-06 13:43:18,1.39
86,2,2026-10-06 13:43:40,1.89
87,2,2026-10-06 13:44:02,1.19
88,2,2026-10-06 13:44:24,2.16
89,2,2026-10-06 13:44:46,1.30
90,2,2026-10-06 13:45:08,1.63
91,2,2026-10-06 13:45:30,4.00
92,2,2026-10-06 13:45:52,1.22
93,2,2026-10-06 13:46:14,1.81
94,2,2026-10-06 13:46:36,1.82
95,2,2026-10-06 13:46:58,2.70
96,2,2026-10-06 13:47:20,1.04
97,2,2026-10-06 13:47:42,1.05
98,2,2026-10-06 13:48:04,1.75
99,2,2026-10-06 13:48:26,1.72
100,2,2026-10-06 13:48:48,1.82
101,2,2026-10-06 13:49:10,2.31
102,2,2026-10-06 13:49:32,1.27
103,2,2026-10-06 13:49:54,1.48
104,2,2026-10-06 13:50:16,1.77
105,2,2026-10-06 13:50:38,1.67
106,2,2026-10-06 13:51:00,1.22
107,2,2026-10-06 13:51:22,1.74
108,2,2026-10-06 13:51:44,1.16
109,2,2026-10-06 13:52:06,9.55
110,2,2026-10-06 13:52:28,2.30
111,2,2026-10-06 13:52:50,1.89
112,2,2026-10-06 13:53:12,2.64
113,2,2026-10-06 13:53:34,3.26
114,2,2026-10-06 13:53:56,1.87
115,2,2026-10-06 13:54:18,2.07
116,2,2026-10-06 13:54:40,1.16
117,2,2026-10-06 13:55:02,3.35
118,2,2026-10-06 13:55:24,1.17
119,2,2026-10-06 13:55:46,11.70
120,2,2026-10-06 13:56:08,1.03
121,2,2026-10-06 13:56:02,2.01
122,2,2026-10-06 13:56:24,1.03
123,2,2026-10-06 13:56:46,1.39
124,2,2026-10-06 13:57:08,1.00
125,3,2026-10-06 14:11:30,1.37
126,3,2026-10-06 14:11:52,2.10
127,3,2026-10-06 14:12:14,3.65
128,3,2026-10-06 14:12:36,1.04
129,3,2026-10-06 14:12:58,6.27
130,3,2026-10-06 14:13:20,2.15
131,3,2026-10-06 14:13:42,1.38
132,3,2026-10-06 14:14:04,1.07
133,3,2026-10-06 14:14:26,1.20
134,3,2026-10-06 14:14:48,2.11
135,3,2026-10-06 14:15:10,2.14
136,3,2026-10-06 14:15:32,1.28
137,3,2026-10-06 14:15:54,7.82
138,3,2026-10-06 14:16:16,13.07
139,3,2026-10-06 14:16:38,1.15
140,3,2026-10-06 14:17:00,13.29
141,3,2026-10-06 14:17:22,2.62
142,3,2026-10-06 14:17:44,3.88
143,3,2026-10-06 14:18:06,1.00
144,3,2026-10-06 14:18:28,1.05
145,3,2026-10-06 14:18:50,1.80
146,3,2026-10-06 14:19:12,1.17
147,3,2026-10-06 14:19:34,1.37
148,3,2026-10-06 14:19:56,2.52
149,3,2026-10-06 14:20:18,1.10
150,3,2026-10-06 14:20:40,1.04
151,3,2026-10-06 14:21:02,3.19
152,3,2026-10-06 14:21:24,1.06
153,3,2026-10-06 14:21:46,1.18
154,3,2026-10-06 14:22:08,4.42
155,3,2026-10-06 14:22:30,1.00
156,3,2026-10-06 14:22:52,2.12
157,3,2026-10-06 14:23:14,2.85
158,3,2026-10-06 14:23:36,8.53
159,3,2026-10-06 14:23:58,4.39
160,3,2026-10-06 14:24:20,2.35
161,3,2026-10-06 14:24:42,1.27
162,3,2026-10-06 14:25:04,1.65
163,3,2026-10-06 14:25:26,2.86
164,3,2026-10-06 14:25:48,2.90
165,3,2026-10-06 14:26:10,1.32
166,3,2026-10-06 14:26:32,24.07
167,3,2026-10-06 14:26:54,1.11
168,3,2026-10-06 14:27:16,5.18
169,3,2026-10-06 14:27:38,1.20
170,3,2026-10-06 14:28:00,1.93
171,3,2026-10-06 14:28:22,2.25
172,3,2026-10-06 14:28:44,12.72
173,3,2026-10-06 14:29:06,6.39
174,3,2026-10-06 14:29:28,2.80
175,3,2026-10-06 14:29:50,1.91
176,3,2026-10-06 14:30:12,1.43
177,3,2026-10-06 14:30:34,5.13
178,3,2026-10-06 14:30:56,1.10
179,3,2026-10-06 14:31:18,1.19
180,3,2026-10-06 14:31:40,9.91
181,3,2026-10-06 14:32:02,1.31
182,3,2026-10-06 14:32:24,1.02
183,3,2026-10-06 14:32:46,9.71
184,3,2026-10-06 14:33:08,1.83
185,3,2026-10-06 14:33:30,21.82
186,3,2026-10-06 14:33:52,1.26
187,3,2026-10-06 14:34:14,1.19
188,3,2026-10-06 14:34:36,1.33
189,3,2026-10-06 14:34:58,1.18
190,3,2026-10-06 14:35:20,1.08
191,3,2026-10-06 14:35:42,1.35
192,3,2026-10-06 14:36:04,3.74
193,3,2026-10-06 14:36:26,4.33
194,3,2026-10-06 14:36:48,2.51
195,3,2026-10-06 14:37:10,3.67
196,3,2026-10-06 14:37:32,1.50
197,3,2026-10-06 14:37:54,3.28
198,3,2026-10-06 14:38:16,1.00
199,3,2026-10-06 14:38:38,1.56
200,3,2026-10-06 14:39:00,1.67
201,3,2026-10-06 14:39:22,3.86
202,3,2026-10-06 14:39:44,1.00
203,3,2026-10-06 14:40:06,1.07
204,3,2026-10-06 14:40:28,1.27
205,3,2026-10-06 14:40:50,3.13
206,3,2026-10-06 14:41:12,7.08
207,3,2026-10-06 14:41:34,1.44
208,3,2026-10-06 14:41:56,1.23
209,3,2026-10-06 14:42:18,1.36
210,3,2026-10-06 14:42:40,1.38
211,3,2026-10-06 14:43:02,3.72
212,3,2026-10-06 14:43:24,1.72
213,3,2026-10-06 14:43:46,6.59
214,3,2026-10-06 14:44:08,1.75
215,3,2026-10-06 14:44:32,1.97
216,3,2026-10-06 14:44:54,1.65
217,3,2026-10-06 14:45:16,2.61
218,3,2026-10-06 14:45:38,1.83
219,3,2026-10-06 14:46:00,1.04
220,3,2026-10-06 14:46:22,3.70
221,3,2026-10-06 14:46:44,1.74
222,3,2026-10-06 14:47:06,1.86
223,3,2026-10-06 14:47:28,1.08
224,3,2026-10-06 14:47:50,1.42
225,3,2026-10-06 14:48:12,2.03
226,3,2026-10-06 14:48:34,4.65
227,3,2026-10-06 14:48:56,2.96
228,3,2026-10-06 14:49:18,3.01
229,3,2026-10-06 14:49:40,1.19
230,3,2026-10-06 14:50:02,3.56
231,3,2026-10-06 14:50:24,1.59
232,3,2026-10-06 14:50:46,1.64
233,3,2026-10-06 14:51:08,1.00
234,3,2026-10-06 14:52:28,76.08
235,3,2026-10-06 14:52:50,1.11
236,3,2026-10-06 14:53:12,3.20
237,3,2026-10-06 14:53:34,1.07
238,3,2026-10-06 14:53:56,7.07
239,3,2026-10-06 14:54:18,9.38
240,3,2026-10-06 14:54:40,1.91
241,3,2026-10-06 14:55:02,2.47
242,3,2026-10-06 14:55:24,5.80
243,3,2026-10-06 14:55:46,2.32
244,3,2026-10-06 14:56:08,1.96
245,3,2026-10-06 14:56:30,2.83
246,3,2026-10-06 14:56:52,7.33
247,3,2026-10-06 14:57:14,2.56
248,3,2026-10-06 14:57:36,1.47
249,3,2026-10-06 14:57:58,9.77
250,3,2026-10-06 14:58:20,2.14
251,3,2026-10-06 14:58:42,1.26
252,3,2026-10-06 14:59:04,3.82
253,3,2026-10-06 14:59:26,1.14
254,3,2026-10-06 14:59:48,27.08
255,3,2026-10-06 15:00:10,2.39
256,3,2026-10-06 15:00:32,2.03
257,3,2026-10-06 15:00:54,3.45
258,3,2026-10-06 15:01:16,3.45
259,3,2026-10-06 15:01:38,1.95
260,3,2026-10-06 15:02:00,1.58
261,3,2026-10-06 15:02:22,2.27
262,3,2026-10-06 15:02:44,9.21
263,3,2026-10-06 15:03:06,1.07
264,3,2026-10-06 15:03:28,1.63
265,3,2026-10-06 15:03:50,1.65
266,3,2026-10-06 15:04:12,1.00
267,3,2026-10-06 15:04:34,1.08
268,3,2026-10-06 15:04:56,1.63
269,3,2026-10-06 15:05:18,1.13
270,3,2026-10-06 15:05:40,7.64
271,3,2026-10-06 15:06:02,2.60
272,3,2026-10-06 15:06:24,1.00
273,3,2026-10-06 15:06:46,1.54
274,3,2026-10-06 15:07:08,1.08
275,4,2026-10-06 15:13:30,2.15
276,4,2026-10-06 15:13:52,1.16
277,4,2026-10-06 15:14:14,15.44
278,4,2026-10-06 15:14:36,1.00
279,4,2026-10-06 15:14:58,1.23
280,4,2026-10-06 15:15:20,6.09
281,4,2026-10-06 15:15:42,15.88
282,4,2026-10-06 15:16:04,4.73
283,4,2026-10-06 15:16:26,1.70
284,4,2026-10-06 15:16:48,1.95
285,4,2026-10-06 15:17:10,1.94
286,4,2026-10-06 15:17:32,1.04
287,4,2026-10-06 15:17:54,1.07
288,4,2026-10-06 15:18:16,17.78
289,4,2026-10-06 15:18:38,10.02
290,4,2026-10-06 15:19:00,6.61
291,4,2026-10-06 15:19:22,42.86
292,4,2026-10-06 15:19:44,3.46
293,4,2026-10-06 15:20:06,1.08
294,4,2026-10-06 15:20:28,1.40
295,4,2026-10-06 15:20:50,2.66
296,4,2026-10-06 15:21:12,1.40
297,4,2026-10-06 15:21:34,1.32
298,4,2026-10-06 15:21:56,1.32
299,4,2026-10-06 15:22:18,1.05
300,4,2026-10-06 15:22:40,1.81
301,4,2026-10-06 15:23:02,7.57
302,4,2026-10-06 15:23:24,20.46
303,4,2026-10-06 15:23:46,1.00
304,4,2026-10-06 15:24:08,1.47
305,4,2026-10-06 15:24:30,2.46
306,4,2026-10-06 15:24:52,3.45
307,4,2026-10-06 15:25:14,1.87
308,4,2026-10-06 15:25:36,38.70
309,4,2026-10-06 15:25:58,2.21
310,4,2026-10-06 15:26:20,3.44
311,4,2026-10-06 15:26:42,1.05
312,4,2026-10-06 15:27:04,10.05
313,4,2026-10-06 15:27:26,1.60
314,4,2026-10-06 15:27:48,1.28
315,4,2026-10-06 15:28:10,5.15
316,4,2026-10-06 15:28:32,1.73
317,4,2026-10-06 15:28:54,2.02
318,4,2026-10-06 15:29:16,1.44
319,4,2026-10-06 15:29:38,1.18
320,4,2026-10-06 15:30:00,2.69
321,4,2026-10-06 15:30:22,8.40
322,4,2026-10-06 15:30:44,5.12
323,4,2026-10-06 15:31:06,2.54
324,4,2026-10-06 15:31:28,201.08
325,4,2026-10-06 15:31:50,1.13
326,4,2026-10-06 15:32:12,5.26
327,4,2026-10-06 15:32:34,1.22
328,4,2026-10-06 15:32:56,14.82
329,4,2026-10-06 15:33:18,2.25
330,4,2026-10-06 15:33:40,1.26
331,4,2026-10-06 15:34:02,5.83
332,4,2026-10-06 15:34:24,1.16
333,4,2026-10-06 15:34:46,1.29
334,4,2026-10-06 15:35:08,3.55
